<?xml version="1.0" ?>
<manifest identifier="OWzStvpGBE-u97-wP6kGSAHixmfy8auaWXTTfXkW" version="1"
  xmlns="http://www.imsproject.org/xsd/imscp_rootv1p1p2"
  xmlns:adlcp="http://www.adlnet.org/xsd/adlcp_rootv1p2"
  xmlns:xsi="http://www.w3.org/2001/XMLSchema-instance"
  xsi:schemaLocation="http://www.imsproject.org/xsd/imscp_rootv1p1p2 imscp_rootv1p1p2.xsd
                      http://www.adlnet.org/xsd/adlcp_rootv1p2 adlcp_rootv1p2.xsd">
  <metadata>
    <schema>ADL SCORM</schema>
    <schemaversion>1.2</schemaversion>
    <adlcp:location>metadata.xml</adlcp:location>
  </metadata>
  <organizations default="articulate_rise">
      <organization identifier="articulate_rise">
      <title>Communication with your Advisor</title>
      <item identifier="i1" identifierref="r1" isvisible="true">
        <title>Communication with your Advisor</title>
        <adlcp:datafromlms>eyJjcHYiOiJXWFRUZlhrVyIsInJsZCI6ZmFsc2V9</adlcp:datafromlms>
      </item>
    </organization>
  </organizations>
  <resources>
    <resource identifier="r1" type="webcontent" adlcp:scormtype="sco" href="scormdriver/indexAPI.html">
      <!-- SCORMDRIVER STUFF -->
      <file href="scormdriver/indexAPI.html" />
      <file href="scormdriver/preloadIntegrity.js" />
      <file href="scormdriver/driverOptions.js" />
      <file href="scormdriver/AICCComm.html" />
      <file href="scormdriver/auto-scripts/AutoBookmark.js" />
      <file href="scormdriver/auto-scripts/AutoCompleteSCO.js" />
      <file href="scormdriver/auto-scripts/CourseExit.js" />
      <file href="scormdriver/blank.html" />
      <file href="scormdriver/goodbye.html" />
      <file href="scormdriver/scormdriver.js" />
      <file href="scormdriver/browsersniff.js" />

      <!-- RUNTIME COMMON STUFF -->
      <file href="scormcontent/index.html" />
      <file href="scormcontent/lib/main.bundle.js"/>

      
        <file href="scormcontent/lib/fonts/icomoon.ttf"/>
        <file href="scormcontent/lib/fonts/icomoon.woff"/>

        <file href="scormcontent/lib/icomoon.css"/>
        <file href="scormcontent/lib/main.bundle.css"/>
        <file href="scormcontent/lib/player-0.0.11.min.js"/>
        <file href="scormcontent/lib/lzwcompress.js"/>
      

      <!-- RUNTIME CONTENT STUFF -->
      <file href="scormcontent/lib/fonts/Lato-Black.woff" />
<file href="scormcontent/lib/fonts/Lato-Italic.woff" />
<file href="scormcontent/lib/fonts/Lato-Bold.woff" />
<file href="scormcontent/lib/fonts/Lato-Regular.woff" />
<file href="scormcontent/lib/fonts/Lato-Light.woff" />
<file href="scormcontent/lib/fonts/Merriweather-Black.woff" />
<file href="scormcontent/lib/fonts/Merriweather-Italic.woff" />
<file href="scormcontent/lib/fonts/Merriweather-Bold.woff" />
<file href="scormcontent/lib/fonts/Merriweather-Regular.woff" />
<file href="scormcontent/lib/fonts/Merriweather-Light.woff" />
<file href="scormcontent/assets/TbyDLmFeX-1gD_GN_small.png" />
<file href="scormcontent/assets/SaQILF8WpuQhfWvb_small.png" />
<file href="scormcontent/assets/a78S2rbynVcTuON1_b1kh9nSI1t0sunCw.jpg" />
<file href="scormcontent/assets/9X-KzDGAqDxaSzXp_mountains.jpg" />
<file href="scormcontent/assets/mG865YY_T1F4BfF5_eGcziS0gbGARAt9o.png" />
<file href="scormcontent/assets/qDFGBIkilB1yxycH_mf1Pq5QjCGhYIAKB.jpg" />
<file href="scormcontent/assets/08ReZCmUi9-1-hmZ_KCpurHQh4SM5KvHI.jpg" />
<file href="scormcontent/assets/8x219LKa8VDP-fDQ_xA1sUNq_NHKaUnsX.jpg" />
<file href="scormcontent/assets/oHZx6QonkQUWbzEk_vuA6Fz6rm11DNQ7P.jpg" />
<file href="scormcontent/assets/1-_BVDTvtGXWdFJB_transcoded-0c4cMZtoOpjRCVoR-Screen%20Recording%202023-03-24%20at%202-00001.png" />
<file href="scormcontent/assets/X1EXQVWayFbLcC_7_transcoded-0c4cMZtoOpjRCVoR-Screen%20Recording%202023-03-24%20at%202.mp4" />
<file href="scormcontent/assets/76-1PHyKTJ-tuSw5_transcoded-OGzEz6o9L0gwLUjY-Screen%20Recording%202023-03-24%20at%201-00001.png" />
<file href="scormcontent/assets/yhHzbdExKQJOOo2V_transcoded-OGzEz6o9L0gwLUjY-Screen%20Recording%202023-03-24%20at%201.mp4" />
<file href="scormcontent/assets/pEPa8UjCLnon0FP3_transcoded-AzAAJRo3qQLWr6L8-Screen%20Recording%202023-03-27%20at%2011-00001.png" />
<file href="scormcontent/assets/xaFa6F9Vjxo9HLBE_transcoded-AzAAJRo3qQLWr6L8-Screen%20Recording%202023-03-27%20at%2011.mp4" />
<file href="scormcontent/assets/sJJMGzGYHlEeoI2-_KSZ0i9lz7QLqv9ny.png" />
<file href="scormcontent/assets/1y0lq_vFe2dtJHSO_-ntCt4NRNV5Pt23P.jpg" />
<file href="scormcontent/assets/PvapkuguQyD2wRje__oileJSgcBil1Yop.png" />
<file href="scormcontent/assets/TIze8ekCuKbEaKaw_-4DncyWp2NsA3xOn.jpg" />
<file href="scormcontent/assets/YLW0RRyeFNMciwQ3_tJHL5l5so_y9rKIi.jpg" />
<file href="scormcontent/assets/U-BQjpuyGNMmxOBG_37_abstract.jpg" />
<file href="scormcontent/assets/zs8ZyE5FbPbtwx5m_37_abstract.jpg" />
<file href="scormcontent/assets/C7-Xa8bXSGw12gTU_example-header-image.jpg" />

    </resource>
  </resources>
</manifest>
