<manifest><metadata><schema>IMS Common Cartridge</schema><schemaversion>1.2.0</schemaversion></metadata><organizations><organization identifier="org" structure="rooted-hierarchy"><item identifier="root-item"><item identifier="page-item" identifierref="page-resource"><title>Pennsylvania Consortium for the Liberal Arts (PCLA) Blueprint</title></item></item></organization></organizations><resources><resource identifier="page-resource" type="webcontent" href="root/index.html"><file href="root/index.html"/></resource></resources></manifest>