<?xml version="1.0" ?>
<manifest identifier="aBW9ONbvTazVjAaFpvCxzo9bqF6saWPxz6jMivaW" version="1"
  xmlns="http://www.imsproject.org/xsd/imscp_rootv1p1p2"
  xmlns:adlcp="http://www.adlnet.org/xsd/adlcp_rootv1p2"
  xmlns:xsi="http://www.w3.org/2001/XMLSchema-instance"
  xsi:schemaLocation="http://www.imsproject.org/xsd/imscp_rootv1p1p2 imscp_rootv1p1p2.xsd
                      http://www.adlnet.org/xsd/adlcp_rootv1p2 adlcp_rootv1p2.xsd">
  <metadata>
    <schema>ADL SCORM</schema>
    <schemaversion>1.2</schemaversion>
    <adlcp:location>metadata.xml</adlcp:location>
  </metadata>
  <organizations default="articulate_rise">
      <organization identifier="articulate_rise">
      <title>User Personas</title>
      <item identifier="i1" identifierref="r1" isvisible="true">
        <title>User Personas</title>
        <adlcp:datafromlms>eyJjcHYiOiJ6NmpNaXZhVyIsInJsZCI6ZmFsc2V9</adlcp:datafromlms>
      </item>
    </organization>
  </organizations>
  <resources>
    <resource identifier="r1" type="webcontent" adlcp:scormtype="sco" href="scormdriver/indexAPI.html">
      <!-- SCORMDRIVER STUFF -->
      <file href="scormdriver/indexAPI.html" />
      <file href="scormdriver/preloadIntegrity.js" />
      <file href="scormdriver/driverOptions.js" />
      <file href="scormdriver/AICCComm.html" />
      <file href="scormdriver/auto-scripts/AutoBookmark.js" />
      <file href="scormdriver/auto-scripts/AutoCompleteSCO.js" />
      <file href="scormdriver/auto-scripts/CourseExit.js" />
      <file href="scormdriver/blank.html" />
      <file href="scormdriver/goodbye.html" />
      <file href="scormdriver/scormdriver.js" />
      <file href="scormdriver/browsersniff.js" />

      <!-- RUNTIME COMMON STUFF -->
      <file href="scormcontent/index.html" />
      <file href="scormcontent/lib/main.bundle.js"/>

      
        <file href="scormcontent/lib/fonts/icomoon.ttf"/>
        <file href="scormcontent/lib/fonts/icomoon.woff"/>

        <file href="scormcontent/lib/icomoon.css"/>
        <file href="scormcontent/lib/main.bundle.css"/>
        <file href="scormcontent/lib/player-0.0.11.min.js"/>
        <file href="scormcontent/lib/lzwcompress.js"/>
      

      <!-- RUNTIME CONTENT STUFF -->
      <file href="scormcontent/lib/fonts/Lato-Black.woff" />
<file href="scormcontent/lib/fonts/Lato-Italic.woff" />
<file href="scormcontent/lib/fonts/Lato-Bold.woff" />
<file href="scormcontent/lib/fonts/Lato-Regular.woff" />
<file href="scormcontent/lib/fonts/Lato-Light.woff" />
<file href="scormcontent/lib/fonts/Merriweather-Black.woff" />
<file href="scormcontent/lib/fonts/Merriweather-Italic.woff" />
<file href="scormcontent/lib/fonts/Merriweather-Bold.woff" />
<file href="scormcontent/lib/fonts/Merriweather-Regular.woff" />
<file href="scormcontent/lib/fonts/Merriweather-Light.woff" />
<file href="scormcontent/assets/YOe6XA71opzX602z_small.png" />
<file href="scormcontent/assets/OSRq6qD87dhp2Wyd_small.png" />
<file href="scormcontent/assets/dTF5kmABeR8gtwFy_small.png" />
<file href="scormcontent/assets/Ct8Bv9KKhNtuc1Ro_small.png" />
<file href="scormcontent/assets/ZLUuLdJij9CCCs52_12iCKJj3nk_BvLaj.jpg" />
<file href="scormcontent/assets/j487gqb0z7WlH9Kr_-Q2DN5vK7155L8nL.png" />
<file href="scormcontent/assets/mHaURw1l9wwO5qI-_pZAn96BwVvmMjZtN.jpg" />
<file href="scormcontent/assets/hkDl2Qag2UFha2tj_d4GOP2NON1n3ijpR.jpg" />
<file href="scormcontent/assets/ufakvy2NkTSL7vgf_pBCrnRw5NcCJTxeE.png" />
<file href="scormcontent/assets/MqXwqULaJbYJRlXd_aPq1_GhcZ7_hBh22.jpg" />
<file href="scormcontent/assets/4VvPecdnjYi1GyEq_gVmWh_jtplyWV3on.jpg" />
<file href="scormcontent/assets/az1yQ2ncTBRAhq5D_y-WSn-phxSeI3BFU.jpg" />
<file href="scormcontent/assets/dxCwRtDRgiwCg915_1qhT85fSX2Er-wYE.png" />
<file href="scormcontent/assets/4cm_bb9trKVWTdEN_21_cities.jpg" />
<file href="scormcontent/assets/PKh6ZnAUDpa01mDi_example-header-image.jpg" />

    </resource>
  </resources>
</manifest>
