<?xml version="1.0" ?>
<manifest identifier="YGJzMICq6j8XW6l7xOChHIC4TwNFGn4LwO-iU1BC" version="1"
  xmlns="http://www.imsproject.org/xsd/imscp_rootv1p1p2"
  xmlns:adlcp="http://www.adlnet.org/xsd/adlcp_rootv1p2"
  xmlns:xsi="http://www.w3.org/2001/XMLSchema-instance"
  xsi:schemaLocation="http://www.imsproject.org/xsd/imscp_rootv1p1p2 imscp_rootv1p1p2.xsd
                      http://www.adlnet.org/xsd/adlcp_rootv1p2 adlcp_rootv1p2.xsd">
  <metadata>
    <schema>ADL SCORM</schema>
    <schemaversion>1.2</schemaversion>
    <adlcp:location>metadata.xml</adlcp:location>
  </metadata>
  <organizations default="articulate_rise">
      <organization identifier="articulate_rise">
      <title>Campus Support</title>
      <item identifier="i1" identifierref="r1" isvisible="true">
        <title>Campus Support</title>
        <adlcp:datafromlms>eyJjcHYiOiJ3Ty1pVTFCQyIsInJsZCI6ZmFsc2V9</adlcp:datafromlms>
      </item>
    </organization>
  </organizations>
  <resources>
    <resource identifier="r1" type="webcontent" adlcp:scormtype="sco" href="scormdriver/indexAPI.html">
      <!-- SCORMDRIVER STUFF -->
      <file href="scormdriver/indexAPI.html" />
      <file href="scormdriver/preloadIntegrity.js" />
      <file href="scormdriver/driverOptions.js" />
      <file href="scormdriver/AICCComm.html" />
      <file href="scormdriver/auto-scripts/AutoBookmark.js" />
      <file href="scormdriver/auto-scripts/AutoCompleteSCO.js" />
      <file href="scormdriver/auto-scripts/CourseExit.js" />
      <file href="scormdriver/blank.html" />
      <file href="scormdriver/goodbye.html" />
      <file href="scormdriver/scormdriver.js" />
      <file href="scormdriver/browsersniff.js" />

      <!-- RUNTIME COMMON STUFF -->
      <file href="scormcontent/index.html" />
      <file href="scormcontent/lib/main.bundle.js"/>

      
        <file href="scormcontent/lib/fonts/icomoon.ttf"/>
        <file href="scormcontent/lib/fonts/icomoon.woff"/>

        <file href="scormcontent/lib/icomoon.css"/>
        <file href="scormcontent/lib/main.bundle.css"/>
        <file href="scormcontent/lib/player-0.0.11.min.js"/>
        <file href="scormcontent/lib/lzwcompress.js"/>
      

      <!-- RUNTIME CONTENT STUFF -->
      <file href="scormcontent/lib/fonts/Lato-Black.woff" />
<file href="scormcontent/lib/fonts/Lato-Italic.woff" />
<file href="scormcontent/lib/fonts/Lato-Bold.woff" />
<file href="scormcontent/lib/fonts/Lato-Regular.woff" />
<file href="scormcontent/lib/fonts/Lato-Light.woff" />
<file href="scormcontent/lib/fonts/Merriweather-Black.woff" />
<file href="scormcontent/lib/fonts/Merriweather-Italic.woff" />
<file href="scormcontent/lib/fonts/Merriweather-Bold.woff" />
<file href="scormcontent/lib/fonts/Merriweather-Regular.woff" />
<file href="scormcontent/lib/fonts/Merriweather-Light.woff" />
<file href="scormcontent/assets/JJbKL9wzD_e2xbUR_small.png" />
<file href="scormcontent/assets/9ReoYndxRn3325Oy_KYS5F7XosSnHvria.jpg" />
<file href="scormcontent/assets/BExWsu18i8Sc7UfT_s1OTZnz0ScJqsZ9E.jpg" />
<file href="scormcontent/assets/oBLyBunWrJ8FdxlX_Dn94Onqk_3OdV9BD.jpg" />
<file href="scormcontent/assets/wTxmh4JJBRSKr3l9_gjndaGuU24CR3rRH.jpg" />
<file href="scormcontent/assets/QmrW_0ygE8BXiyCZ_s0hHR0aDt0M3GUuk.jpg" />
<file href="scormcontent/assets/VBVsIotgrrzTNVyu_csU7HoGbTFVCgPEV.svg" />
<file href="scormcontent/assets/QSJYNz0j4HqKqcr4_23_cities.jpg" />
<file href="scormcontent/assets/CPh7mYxRHuOv_mqB_example-header-image.jpg" />

    </resource>
  </resources>
</manifest>
