<?xml version="1.0" ?>
<manifest identifier="OWzStvpGBE-u97-wP6kGSAHixmfy8auaU5jAT992" version="1"
  xmlns="http://www.imsproject.org/xsd/imscp_rootv1p1p2"
  xmlns:adlcp="http://www.adlnet.org/xsd/adlcp_rootv1p2"
  xmlns:xsi="http://www.w3.org/2001/XMLSchema-instance"
  xsi:schemaLocation="http://www.imsproject.org/xsd/imscp_rootv1p1p2 imscp_rootv1p1p2.xsd
                      http://www.adlnet.org/xsd/adlcp_rootv1p2 adlcp_rootv1p2.xsd">
  <metadata>
    <schema>ADL SCORM</schema>
    <schemaversion>1.2</schemaversion>
    <adlcp:location>metadata.xml</adlcp:location>
  </metadata>
  <organizations default="articulate_rise">
      <organization identifier="articulate_rise">
      <title>Communication with your Advisor</title>
      <item identifier="i1" identifierref="r1" isvisible="true">
        <title>Communication with your Advisor</title>
        <adlcp:datafromlms>eyJjcHYiOiJVNWpBVDk5MiIsInJsZCI6ZmFsc2V9</adlcp:datafromlms>
      </item>
    </organization>
  </organizations>
  <resources>
    <resource identifier="r1" type="webcontent" adlcp:scormtype="sco" href="scormdriver/indexAPI.html">
      <!-- SCORMDRIVER STUFF -->
      <file href="scormdriver/indexAPI.html" />
      <file href="scormdriver/preloadIntegrity.js" />
      <file href="scormdriver/driverOptions.js" />
      <file href="scormdriver/AICCComm.html" />
      <file href="scormdriver/auto-scripts/AutoBookmark.js" />
      <file href="scormdriver/auto-scripts/AutoCompleteSCO.js" />
      <file href="scormdriver/auto-scripts/CourseExit.js" />
      <file href="scormdriver/blank.html" />
      <file href="scormdriver/goodbye.html" />
      <file href="scormdriver/scormdriver.js" />
      <file href="scormdriver/browsersniff.js" />

      <!-- RUNTIME COMMON STUFF -->
      <file href="scormcontent/index.html" />
      <file href="scormcontent/lib/main.bundle.js"/>

      
        <file href="scormcontent/lib/fonts/icomoon.ttf"/>
        <file href="scormcontent/lib/fonts/icomoon.woff"/>

        <file href="scormcontent/lib/icomoon.css"/>
        <file href="scormcontent/lib/main.bundle.css"/>
        <file href="scormcontent/lib/player-0.0.11.min.js"/>
        <file href="scormcontent/lib/lzwcompress.js"/>
      

      <!-- RUNTIME CONTENT STUFF -->
      <file href="scormcontent/lib/fonts/Lato-Black.woff" />
<file href="scormcontent/lib/fonts/Lato-Italic.woff" />
<file href="scormcontent/lib/fonts/Lato-Bold.woff" />
<file href="scormcontent/lib/fonts/Lato-Regular.woff" />
<file href="scormcontent/lib/fonts/Lato-Light.woff" />
<file href="scormcontent/lib/fonts/Merriweather-Black.woff" />
<file href="scormcontent/lib/fonts/Merriweather-Italic.woff" />
<file href="scormcontent/lib/fonts/Merriweather-Bold.woff" />
<file href="scormcontent/lib/fonts/Merriweather-Regular.woff" />
<file href="scormcontent/lib/fonts/Merriweather-Light.woff" />
<file href="scormcontent/assets/iYaJWWNnB9wePFac_small.png" />
<file href="scormcontent/assets/Oe5BGCbVAvIPfqA4_small.png" />
<file href="scormcontent/assets/XYO3jiO0J_4HyXqO_gvwQ9hoKTz606jY8.jpg" />
<file href="scormcontent/assets/7Q8GgfMelbESegYg_mountains.jpg" />
<file href="scormcontent/assets/IzBvZITNm0StS0Bd_mf1Pq5QjCGhYIAKB.jpg" />
<file href="scormcontent/assets/e1iKBO7aONLn7Kbx_KCpurHQh4SM5KvHI.jpg" />
<file href="scormcontent/assets/u2dF681wIHn_dhAi_xA1sUNq_NHKaUnsX.jpg" />
<file href="scormcontent/assets/0k7h-2o1xcLy-fcL_vuA6Fz6rm11DNQ7P.jpg" />
<file href="scormcontent/assets/PN9SGWv_MdHFB0c6_nrFM4x6AfwwFWNZG-gen%20ed%20diagram.pdf" />
<file href="scormcontent/assets/oMPVg3GBKq281YT3_transcoded-0c4cMZtoOpjRCVoR-Screen%20Recording%202023-03-24%20at%202-00001.png" />
<file href="scormcontent/assets/mV1U6zMS0Z1TfQ48_transcoded-0c4cMZtoOpjRCVoR-Screen%20Recording%202023-03-24%20at%202.mp4" />
<file href="scormcontent/assets/TTN9iV0t6tKg_X2t_transcoded-OGzEz6o9L0gwLUjY-Screen%20Recording%202023-03-24%20at%201-00001.png" />
<file href="scormcontent/assets/X4fAJ-jewicbQ59d_transcoded-OGzEz6o9L0gwLUjY-Screen%20Recording%202023-03-24%20at%201.mp4" />
<file href="scormcontent/assets/GtVk1vfwsSU7qvVL_transcoded-AzAAJRo3qQLWr6L8-Screen%20Recording%202023-03-27%20at%2011-00001.png" />
<file href="scormcontent/assets/fE9Py0mtcqbnhJl3_transcoded-AzAAJRo3qQLWr6L8-Screen%20Recording%202023-03-27%20at%2011.mp4" />
<file href="scormcontent/assets/ecVkxc5rECK59kLe_KSZ0i9lz7QLqv9ny.png" />
<file href="scormcontent/assets/k5jsPcl3ky_osdz5_-ntCt4NRNV5Pt23P.jpg" />
<file href="scormcontent/assets/CLPKrsYPBHfOb9SI__oileJSgcBil1Yop.png" />
<file href="scormcontent/assets/oTh8nSjqQAEiHcrn_-4DncyWp2NsA3xOn.jpg" />
<file href="scormcontent/assets/0brL0NaGjp5BBfIu_tJHL5l5so_y9rKIi.jpg" />
<file href="scormcontent/assets/wtsSpypFNkKSVKR4_37_abstract.jpg" />
<file href="scormcontent/assets/Uwbipq7jTNSTef_f_37_abstract.jpg" />
<file href="scormcontent/assets/gwu-ePEg0xWfldJn_example-header-image.jpg" />

    </resource>
  </resources>
</manifest>
