<?xml version="1.0" ?>
<manifest identifier="MqNODGostzviifXGyqePJvDuayw4QSbQ_oDHjFm1" version="1"
  xmlns="http://www.imsproject.org/xsd/imscp_rootv1p1p2"
  xmlns:adlcp="http://www.adlnet.org/xsd/adlcp_rootv1p2"
  xmlns:xsi="http://www.w3.org/2001/XMLSchema-instance"
  xsi:schemaLocation="http://www.imsproject.org/xsd/imscp_rootv1p1p2 imscp_rootv1p1p2.xsd
                      http://www.adlnet.org/xsd/adlcp_rootv1p2 adlcp_rootv1p2.xsd">
  <metadata>
    <schema>ADL SCORM</schema>
    <schemaversion>1.2</schemaversion>
    <adlcp:location>metadata.xml</adlcp:location>
  </metadata>
  <organizations default="articulate_rise">
      <organization identifier="articulate_rise">
      <title>Academic Reading</title>
      <item identifier="i1" identifierref="r1" isvisible="true">
        <title>Academic Reading</title>
        <adlcp:datafromlms>eyJjcHYiOiJfb0RIakZtMSIsInJsZCI6ZmFsc2V9</adlcp:datafromlms>
      </item>
    </organization>
  </organizations>
  <resources>
    <resource identifier="r1" type="webcontent" adlcp:scormtype="sco" href="scormdriver/indexAPI.html">
      <!-- SCORMDRIVER STUFF -->
      <file href="scormdriver/indexAPI.html" />
      <file href="scormdriver/preloadIntegrity.js" />
      <file href="scormdriver/driverOptions.js" />
      <file href="scormdriver/AICCComm.html" />
      <file href="scormdriver/auto-scripts/AutoBookmark.js" />
      <file href="scormdriver/auto-scripts/AutoCompleteSCO.js" />
      <file href="scormdriver/auto-scripts/CourseExit.js" />
      <file href="scormdriver/blank.html" />
      <file href="scormdriver/goodbye.html" />
      <file href="scormdriver/scormdriver.js" />
      <file href="scormdriver/browsersniff.js" />

      <!-- RUNTIME COMMON STUFF -->
      <file href="scormcontent/index.html" />
      <file href="scormcontent/lib/main.bundle.js"/>

      
        <file href="scormcontent/lib/fonts/icomoon.ttf"/>
        <file href="scormcontent/lib/fonts/icomoon.woff"/>

        <file href="scormcontent/lib/icomoon.css"/>
        <file href="scormcontent/lib/main.bundle.css"/>
        <file href="scormcontent/lib/player-0.0.11.min.js"/>
        <file href="scormcontent/lib/lzwcompress.js"/>
      

      <!-- RUNTIME CONTENT STUFF -->
      <file href="scormcontent/lib/fonts/Inter-Medium.woff" />
<file href="scormcontent/lib/fonts/Inter-Black.woff" />
<file href="scormcontent/lib/fonts/Inter-Bold.woff" />
<file href="scormcontent/lib/fonts/Inter-Regular.woff" />
<file href="scormcontent/lib/fonts/Inter-Light.woff" />
<file href="scormcontent/assets/0o36lP6YL59yaf3s_small.png" />
<file href="scormcontent/assets/FPV3DtsnQmHioEhp_small.png" />
<file href="scormcontent/assets/m0_rJwZfTNrv_PPs_s-6ADxNjOyMsSZV3.png" />
<file href="scormcontent/assets/zW2rhgY0NlNEz_FS_M1mbU2lqX3MjS8VT.jpg" />
<file href="scormcontent/assets/Eo9q7pElfsSj0Mef_zCtex0d0CMS9gypC.jpg" />
<file href="scormcontent/assets/t13bnm-o9aAz11Le_e2MSWE5DgvzLJN-M.png" />
<file href="scormcontent/assets/KAeQgpxphQlPw0uI_ZCmYAIaLjbkh_K2t.jpg" />
<file href="scormcontent/assets/u6LkHtAwbeQ3mUv-_mountains.jpg" />
<file href="scormcontent/assets/Xjn8AUpHWZewzTs3_hUZpu_wHsUtX5N67-takeways.academic%20reading.docx" />
<file href="scormcontent/assets/hJqgu2uchS0Qt_Wm_A2X6b07IXuOhdCkG.jpg" />
<file href="scormcontent/assets/OUKM78rbmb7k1Wdo_cover-image-0.jpg" />
<file href="scormcontent/assets/CsC7m0ErFlQPxDm6_example-header-image.jpg" />

    </resource>
  </resources>
</manifest>
