<?xml version="1.0" ?>
<manifest identifier="gUj364VQGMdHcZXJTJSFAmWdNjgXgyj4oz208qc9" version="1"
  xmlns="http://www.imsproject.org/xsd/imscp_rootv1p1p2"
  xmlns:adlcp="http://www.adlnet.org/xsd/adlcp_rootv1p2"
  xmlns:xsi="http://www.w3.org/2001/XMLSchema-instance"
  xsi:schemaLocation="http://www.imsproject.org/xsd/imscp_rootv1p1p2 imscp_rootv1p1p2.xsd
                      http://www.adlnet.org/xsd/adlcp_rootv1p2 adlcp_rootv1p2.xsd">
  <metadata>
    <schema>ADL SCORM</schema>
    <schemaversion>1.2</schemaversion>
    <adlcp:location>metadata.xml</adlcp:location>
  </metadata>
  <organizations default="articulate_rise">
      <organization identifier="articulate_rise">
      <title>Time Management</title>
      <item identifier="i1" identifierref="r1" isvisible="true">
        <title>Time Management</title>
        <adlcp:datafromlms>eyJjcHYiOiJvejIwOHFjOSIsInJsZCI6ZmFsc2V9</adlcp:datafromlms>
      </item>
    </organization>
  </organizations>
  <resources>
    <resource identifier="r1" type="webcontent" adlcp:scormtype="sco" href="scormdriver/indexAPI.html">
      <!-- SCORMDRIVER STUFF -->
      <file href="scormdriver/indexAPI.html" />
      <file href="scormdriver/preloadIntegrity.js" />
      <file href="scormdriver/driverOptions.js" />
      <file href="scormdriver/AICCComm.html" />
      <file href="scormdriver/auto-scripts/AutoBookmark.js" />
      <file href="scormdriver/auto-scripts/AutoCompleteSCO.js" />
      <file href="scormdriver/auto-scripts/CourseExit.js" />
      <file href="scormdriver/blank.html" />
      <file href="scormdriver/goodbye.html" />
      <file href="scormdriver/scormdriver.js" />
      <file href="scormdriver/browsersniff.js" />

      <!-- RUNTIME COMMON STUFF -->
      <file href="scormcontent/index.html" />
      <file href="scormcontent/lib/main.bundle.js"/>

      
        <file href="scormcontent/lib/fonts/icomoon.ttf"/>
        <file href="scormcontent/lib/fonts/icomoon.woff"/>

        <file href="scormcontent/lib/icomoon.css"/>
        <file href="scormcontent/lib/main.bundle.css"/>
        <file href="scormcontent/lib/player-0.0.11.min.js"/>
        <file href="scormcontent/lib/lzwcompress.js"/>
      

      <!-- RUNTIME CONTENT STUFF -->
      <file href="scormcontent/lib/fonts/Lato-Black.woff" />
<file href="scormcontent/lib/fonts/Lato-Italic.woff" />
<file href="scormcontent/lib/fonts/Lato-Bold.woff" />
<file href="scormcontent/lib/fonts/Lato-Regular.woff" />
<file href="scormcontent/lib/fonts/Lato-Light.woff" />
<file href="scormcontent/lib/fonts/Merriweather-Black.woff" />
<file href="scormcontent/lib/fonts/Merriweather-Italic.woff" />
<file href="scormcontent/lib/fonts/Merriweather-Bold.woff" />
<file href="scormcontent/lib/fonts/Merriweather-Regular.woff" />
<file href="scormcontent/lib/fonts/Merriweather-Light.woff" />
<file href="scormcontent/assets/MRRLGmpY4UsuINYs_small.png" />
<file href="scormcontent/assets/Ytagd5UMomIOJYTS_small.png" />
<file href="scormcontent/assets/YzjXe63pX8bVGTNr_small.png" />
<file href="scormcontent/assets/9JPIPc6Ycy3WaB7W_transcoded-ZJRmZi7xkUcuonkg-PCLA-Grant-00001.png" />
<file href="scormcontent/assets/LJFkmC3DtCnk7OBV_transcoded-ZJRmZi7xkUcuonkg-PCLA-Grant.mp4" />
<file href="scormcontent/assets/B5oRFYRj08eSTmd__4BPFgqmB8K8rdw36.png" />
<file href="scormcontent/assets/CQlh-390zg9nDlCx_p4SSDnhZTRR1uKXm.jpg" />
<file href="scormcontent/assets/20vvdtMyjTvjuOxt_raNd5MeuMqkkvQL-.jpg" />
<file href="scormcontent/assets/V9OMnF6Sb_LIYmJv_2WnzLT8Up2vnTKgn.jpg" />
<file href="scormcontent/assets/6E-aL1flV6wgNBgp_tgU4Whfb5prsGBpq.jpg" />
<file href="scormcontent/assets/40pJR6ZIKEiHkNVh_-jkKFMOPGviOL_Bn.png" />
<file href="scormcontent/assets/YxwMHqENn9pavGx6_OQg9vX00VPVN-tCe.jpg" />
<file href="scormcontent/assets/J8xjFakOto9-AAwH_dFAzw8F-k_RiOZph.jpg" />
<file href="scormcontent/assets/vYijtCvnAfSr_P16_transcoded-8Y2XfGINVWgQVRNn-Finished%20planner%20video-00001.png" />
<file href="scormcontent/assets/IS8bgWRm4BTN8nVq_transcoded-8Y2XfGINVWgQVRNn-Finished%20planner%20video.mp4" />
<file href="scormcontent/assets/9YnV8ssamfeXPbYL_transcoded-pnxDi9Toofnm7EeZ-Canva-Take-2-00001.png" />
<file href="scormcontent/assets/9ftO9GkaOoy9v0O7_transcoded-pnxDi9Toofnm7EeZ-Canva-Take-2.mp4" />
<file href="scormcontent/assets/EtbKGe6-6muIS89t_transcoded-8IhUnZPtrkXHLsqe-Microsoft-Outlook-ics-00001.png" />
<file href="scormcontent/assets/naoom8UPdsD6a-jp_transcoded-8IhUnZPtrkXHLsqe-Microsoft-Outlook-ics.mp4" />
<file href="scormcontent/assets/ecanyI4uSzIVF1wX_FcyCjhnW1pj5zQCb-Form-321-Survey.pdf" />
<file href="scormcontent/assets/3CYu4fasJnzhb_DF_6qKR_8sgikpvG3n7.jpg" />
<file href="scormcontent/assets/FUUe9JVTezI-qwJG_quote_background.jpg" />
<file href="scormcontent/assets/gu8meo-giKJJKCPY_5yzcmkkJY1YECmeY.png" />
<file href="scormcontent/assets/xeJs5ua8_SVcfLVC_zn8ZXBFwYSIrA-L2.png" />
<file href="scormcontent/assets/Qo6r2QJ53Uhi7OAt_14_cities.jpg" />
<file href="scormcontent/assets/lOd6ubxkg3twOygr_example-header-image.jpg" />
<file href="scormcontent/assets/wMbumEwHuKITJUwG_218_full.png" />
<file href="scormcontent/assets/Q0tYWhKlgNKeCHvg_220_full.png" />
<file href="scormcontent/assets/nj3JuhmdhjpsQxan_222_full.png" />
<file href="scormcontent/assets/uNG6qv5MxmEAtYNx_197_full.png" />
<file href="scormcontent/assets/FfmOsYVpAz-Y6Z4J_122_full.png" />
<file href="scormcontent/assets/gHj0tZ7SxxydFw4N_162_full.png" />
<file href="scormcontent/assets/8Fq0kSbU9E2a2ZWs_166_full.png" />
<file href="scormcontent/assets/PMZwA_cyaUFZukbD_140_full.png" />
<file href="scormcontent/assets/CWRfhFyF0BETiRL7_144_full.png" />
<file href="scormcontent/assets/9YtSYoRLmW2E4_hD_128_full.png" />
<file href="scormcontent/assets/TgtQMpnP4Ft_B0WW_125_full.png" />
<file href="scormcontent/assets/XCFQi4RlHA868tIw_149_full.png" />

    </resource>
  </resources>
</manifest>
