<?xml version="1.0" ?>
<manifest identifier="gUj364VQGMdHcZXJTJSFAmWdNjgXgyj4xGxS5hUo" version="1"
  xmlns="http://www.imsproject.org/xsd/imscp_rootv1p1p2"
  xmlns:adlcp="http://www.adlnet.org/xsd/adlcp_rootv1p2"
  xmlns:xsi="http://www.w3.org/2001/XMLSchema-instance"
  xsi:schemaLocation="http://www.imsproject.org/xsd/imscp_rootv1p1p2 imscp_rootv1p1p2.xsd
                      http://www.adlnet.org/xsd/adlcp_rootv1p2 adlcp_rootv1p2.xsd">
  <metadata>
    <schema>ADL SCORM</schema>
    <schemaversion>1.2</schemaversion>
    <adlcp:location>metadata.xml</adlcp:location>
  </metadata>
  <organizations default="articulate_rise">
      <organization identifier="articulate_rise">
      <title>Time Management</title>
      <item identifier="i1" identifierref="r1" isvisible="true">
        <title>Time Management</title>
        <adlcp:datafromlms>eyJjcHYiOiJ4R3hTNWhVbyIsInJsZCI6ZmFsc2V9</adlcp:datafromlms>
      </item>
    </organization>
  </organizations>
  <resources>
    <resource identifier="r1" type="webcontent" adlcp:scormtype="sco" href="scormdriver/indexAPI.html">
      <!-- SCORMDRIVER STUFF -->
      <file href="scormdriver/indexAPI.html" />
      <file href="scormdriver/preloadIntegrity.js" />
      <file href="scormdriver/driverOptions.js" />
      <file href="scormdriver/AICCComm.html" />
      <file href="scormdriver/auto-scripts/AutoBookmark.js" />
      <file href="scormdriver/auto-scripts/AutoCompleteSCO.js" />
      <file href="scormdriver/auto-scripts/CourseExit.js" />
      <file href="scormdriver/blank.html" />
      <file href="scormdriver/goodbye.html" />
      <file href="scormdriver/scormdriver.js" />
      <file href="scormdriver/browsersniff.js" />

      <!-- RUNTIME COMMON STUFF -->
      <file href="scormcontent/index.html" />
      <file href="scormcontent/lib/main.bundle.js"/>

      
        <file href="scormcontent/lib/fonts/icomoon.ttf"/>
        <file href="scormcontent/lib/fonts/icomoon.woff"/>

        <file href="scormcontent/lib/icomoon.css"/>
        <file href="scormcontent/lib/main.bundle.css"/>
        <file href="scormcontent/lib/player-0.0.11.min.js"/>
        <file href="scormcontent/lib/lzwcompress.js"/>
      

      <!-- RUNTIME CONTENT STUFF -->
      <file href="scormcontent/lib/fonts/Lato-Black.woff" />
<file href="scormcontent/lib/fonts/Lato-Italic.woff" />
<file href="scormcontent/lib/fonts/Lato-Bold.woff" />
<file href="scormcontent/lib/fonts/Lato-Regular.woff" />
<file href="scormcontent/lib/fonts/Lato-Light.woff" />
<file href="scormcontent/lib/fonts/Merriweather-Black.woff" />
<file href="scormcontent/lib/fonts/Merriweather-Italic.woff" />
<file href="scormcontent/lib/fonts/Merriweather-Bold.woff" />
<file href="scormcontent/lib/fonts/Merriweather-Regular.woff" />
<file href="scormcontent/lib/fonts/Merriweather-Light.woff" />
<file href="scormcontent/assets/GgESOZIkOwmi_Tfe_small.png" />
<file href="scormcontent/assets/EYyevQWtWep5FsN-_small.png" />
<file href="scormcontent/assets/RciedeJIYspDTt4L_small.png" />
<file href="scormcontent/assets/XY_sll00JCbptY-u_transcoded-ZJRmZi7xkUcuonkg-PCLA-Grant-00001.png" />
<file href="scormcontent/assets/vvdMK_FD6Iy7TBBa_transcoded-ZJRmZi7xkUcuonkg-PCLA-Grant.mp4" />
<file href="scormcontent/assets/w7Kk09ZxLG_8rsRM_4BPFgqmB8K8rdw36.png" />
<file href="scormcontent/assets/HB_MUDZ4llBhVwQf_p4SSDnhZTRR1uKXm.jpg" />
<file href="scormcontent/assets/0vpJYRpNhT0oV9sp_raNd5MeuMqkkvQL-.jpg" />
<file href="scormcontent/assets/jlhXvKiniTpw7fPP_2WnzLT8Up2vnTKgn.jpg" />
<file href="scormcontent/assets/6mq-rJcJj89uHmGM_tgU4Whfb5prsGBpq.jpg" />
<file href="scormcontent/assets/Q8g86viLP3gh_mMo_-jkKFMOPGviOL_Bn.png" />
<file href="scormcontent/assets/6odW8NYgCYAVq2OY_OQg9vX00VPVN-tCe.jpg" />
<file href="scormcontent/assets/ogHAijTAZL6ksxm8_dFAzw8F-k_RiOZph.jpg" />
<file href="scormcontent/assets/2bOvUPr3t3yArDOI_transcoded-8Y2XfGINVWgQVRNn-Finished%20planner%20video-00001.png" />
<file href="scormcontent/assets/d9pBodkGuSiI6iOM_transcoded-8Y2XfGINVWgQVRNn-Finished%20planner%20video.mp4" />
<file href="scormcontent/assets/XWMBv8QMNn8-Tg67_transcoded-pnxDi9Toofnm7EeZ-Canva-Take-2-00001.png" />
<file href="scormcontent/assets/44X7cF_Fri-4uHez_transcoded-pnxDi9Toofnm7EeZ-Canva-Take-2.mp4" />
<file href="scormcontent/assets/l7Fiq1W0C23xfIUp_transcoded-8IhUnZPtrkXHLsqe-Microsoft-Outlook-ics-00001.png" />
<file href="scormcontent/assets/RetLym58YkmZbmE9_transcoded-8IhUnZPtrkXHLsqe-Microsoft-Outlook-ics.mp4" />
<file href="scormcontent/assets/W56RG4kZ9N4rdrwL_FcyCjhnW1pj5zQCb-Form-321-Survey.pdf" />
<file href="scormcontent/assets/AHpRpdYzci4zdD78_6qKR_8sgikpvG3n7.jpg" />
<file href="scormcontent/assets/IOb8Bn_gwCgBl2iV_quote_background.jpg" />
<file href="scormcontent/assets/0gOzIKjKTMlP6gj0_5yzcmkkJY1YECmeY.png" />
<file href="scormcontent/assets/MB5CHZGaFq0sf-72_zn8ZXBFwYSIrA-L2.png" />
<file href="scormcontent/assets/0SHVT26Z27rBOHAS_14_cities.jpg" />
<file href="scormcontent/assets/mb-kcMA98QuEigFF_example-header-image.jpg" />
<file href="scormcontent/assets/PbkmCtotM_sA3QmJ_218_full.png" />
<file href="scormcontent/assets/hZzsnclS7M4frXdU_220_full.png" />
<file href="scormcontent/assets/0s9_YqOP-th_05pL_222_full.png" />
<file href="scormcontent/assets/lYH00JUz-EtnhqBK_197_full.png" />
<file href="scormcontent/assets/ZPRhirQrIWUczc7P_122_full.png" />
<file href="scormcontent/assets/RR3lV9sU4rO16z0B_162_full.png" />
<file href="scormcontent/assets/zA3gE3JVlO0M9Fzu_166_full.png" />
<file href="scormcontent/assets/5SYSDNWwnPzUxNV4_140_full.png" />
<file href="scormcontent/assets/v8vE2O3VdJeBrTCv_144_full.png" />
<file href="scormcontent/assets/WjZHjucJpsWCwn_b_128_full.png" />
<file href="scormcontent/assets/iYAOQQLifyU8FVbN_125_full.png" />
<file href="scormcontent/assets/IihcbRI_Rw6vcQ7B_149_full.png" />

    </resource>
  </resources>
</manifest>
