<?xml version="1.0" ?>
<manifest identifier="cZ6idZuftCODF5eInVtQ7cjbYwIvL1nfXtyJ5Uu_" version="1"
  xmlns="http://www.imsproject.org/xsd/imscp_rootv1p1p2"
  xmlns:adlcp="http://www.adlnet.org/xsd/adlcp_rootv1p2"
  xmlns:xsi="http://www.w3.org/2001/XMLSchema-instance"
  xsi:schemaLocation="http://www.imsproject.org/xsd/imscp_rootv1p1p2 imscp_rootv1p1p2.xsd
                      http://www.adlnet.org/xsd/adlcp_rootv1p2 adlcp_rootv1p2.xsd">
  <metadata>
    <schema>ADL SCORM</schema>
    <schemaversion>1.2</schemaversion>
    <adlcp:location>metadata.xml</adlcp:location>
  </metadata>
  <organizations default="articulate_rise">
      <organization identifier="articulate_rise">
      <title>Note Taking Strategies</title>
      <item identifier="i1" identifierref="r1" isvisible="true">
        <title>Note Taking Strategies</title>
        <adlcp:datafromlms>eyJjcHYiOiJYdHlKNVV1XyIsInJsZCI6ZmFsc2V9</adlcp:datafromlms>
      </item>
    </organization>
  </organizations>
  <resources>
    <resource identifier="r1" type="webcontent" adlcp:scormtype="sco" href="scormdriver/indexAPI.html">
      <!-- SCORMDRIVER STUFF -->
      <file href="scormdriver/indexAPI.html" />
      <file href="scormdriver/preloadIntegrity.js" />
      <file href="scormdriver/driverOptions.js" />
      <file href="scormdriver/AICCComm.html" />
      <file href="scormdriver/auto-scripts/AutoBookmark.js" />
      <file href="scormdriver/auto-scripts/AutoCompleteSCO.js" />
      <file href="scormdriver/auto-scripts/CourseExit.js" />
      <file href="scormdriver/blank.html" />
      <file href="scormdriver/goodbye.html" />
      <file href="scormdriver/scormdriver.js" />
      <file href="scormdriver/browsersniff.js" />

      <!-- RUNTIME COMMON STUFF -->
      <file href="scormcontent/index.html" />
      <file href="scormcontent/lib/main.bundle.js"/>

      
        <file href="scormcontent/lib/fonts/icomoon.ttf"/>
        <file href="scormcontent/lib/fonts/icomoon.woff"/>

        <file href="scormcontent/lib/icomoon.css"/>
        <file href="scormcontent/lib/main.bundle.css"/>
        <file href="scormcontent/lib/player-0.0.11.min.js"/>
        <file href="scormcontent/lib/lzwcompress.js"/>
      

      <!-- RUNTIME CONTENT STUFF -->
      <file href="scormcontent/lib/fonts/Lato-Black.woff" />
<file href="scormcontent/lib/fonts/Lato-Italic.woff" />
<file href="scormcontent/lib/fonts/Lato-Bold.woff" />
<file href="scormcontent/lib/fonts/Lato-Regular.woff" />
<file href="scormcontent/lib/fonts/Lato-Light.woff" />
<file href="scormcontent/lib/fonts/Merriweather-Black.woff" />
<file href="scormcontent/lib/fonts/Merriweather-Italic.woff" />
<file href="scormcontent/lib/fonts/Merriweather-Bold.woff" />
<file href="scormcontent/lib/fonts/Merriweather-Regular.woff" />
<file href="scormcontent/lib/fonts/Merriweather-Light.woff" />
<file href="scormcontent/assets/rAoao_eahd-04ubX_small.png" />
<file href="scormcontent/assets/jdKnwihnD2FxsjKt_small.png" />
<file href="scormcontent/assets/3BGyxzQOw_B7SDEq_small.png" />
<file href="scormcontent/assets/B7E8jDUHZ7DvWu6r_small.png" />
<file href="scormcontent/assets/pl0KZeFyhKZv2nFN_quote_background.jpg" />
<file href="scormcontent/assets/5YTuB5oV9B37DI0T_JX_xutouyZB-_Y_a.jpg" />
<file href="scormcontent/assets/gFlxfpZUVBWrM7RY_qfkVhmo3sqGJkkTf.jpg" />
<file href="scormcontent/assets/yt-hqeUe8xJn48_g_IUn_bwn339xC_0Hs.jpg" />
<file href="scormcontent/assets/9AAIMm80gpxiYz1V_Au6_JQGUo3K544Jp.png" />
<file href="scormcontent/assets/IYltt1mABdETNK-8_rArNZKhT40l9Lwcz.png" />
<file href="scormcontent/assets/F48axTwiZPs_QLzc_qzgGTHf2czsqt9si.jpg" />
<file href="scormcontent/assets/2HzP8uVu-dSsoNTH_xpjMsm0BCurRf9aZ.jpg" />
<file href="scormcontent/assets/znzhvWNUBIZAqy34_JSttmXFHFEn1BBG1-note-taking-template-for-journal-articles.pdf" />
<file href="scormcontent/assets/Cf0pLsEHsyLxxt8c_8JhUeEusD3dvz7Yu.jpg" />
<file href="scormcontent/assets/KrG1USNi58KcI4xG_5f2otGV9bFUQJ_9X.jpg" />
<file href="scormcontent/assets/boEN56jbG9C04sdN_cXFoURo6qCZXYLKd.png" />
<file href="scormcontent/assets/brQsc-HyaASdOmwe_yRlMLSHShMVLr_OT.png" />
<file href="scormcontent/assets/KEoqDL0dU9YI-FSR_gdH7yk_q3w3FUGO-.png" />
<file href="scormcontent/assets/g8748p48ETb4r1Md_7eNkiNJY83mNyA8o.jpg" />
<file href="scormcontent/assets/SbRPdhF0ryB9OZQB_vtuU84D5TH5AQvS8.jpg" />
<file href="scormcontent/assets/1wW1L0b7kD4RAnli_ti9zx_nQ1sPyQsJC.png" />
<file href="scormcontent/assets/yera2vsEdrMRyozZ_7hu7E1OfXwPUUO-R.png" />
<file href="scormcontent/assets/AmWIf-V9GXUr6Cwx_sCFGKL_Guup9yx9v.jpg" />
<file href="scormcontent/assets/haYzY3wMe8TAEcuZ_5ZP6foYYJVWCNJfN.png" />
<file href="scormcontent/assets/jTrVbHmePvU8_c5a_iiiNg0xBrvIwHSaG.png" />
<file href="scormcontent/assets/D9OmxVQ-vsVeZj0T_F5u2MAXsRTb5mqGm.jpg" />
<file href="scormcontent/assets/4o4xcocc1rBDI0CN__O63j3eLc8TYxzCK.png" />
<file href="scormcontent/assets/dF0Qcmy0uanocc2X_5N3vvFqBawTP9pii.png" />
<file href="scormcontent/assets/SNkyghM5QEjAHla9_Ud8NuUdBN504LVbE.jpg" />
<file href="scormcontent/assets/g3kVRpnErj_Bjp4P_fUUBHtGnqf9jwiA1.png" />
<file href="scormcontent/assets/kUKBqsqT-ySWpsvR_Mj0JXMSfMg7zo2Te.png" />
<file href="scormcontent/assets/5SrXhZ-TFun7xp49_opDxr-oDg4MxKVMw.png" />
<file href="scormcontent/assets/FtVMf8jIRGVGmGZq_37_abstract.jpg" />
<file href="scormcontent/assets/PY8IrBaxJoaSQ75h_example-header-image.jpg" />
<file href="scormcontent/assets/El99hOdsB58VWrqm_089_full.png" />
<file href="scormcontent/assets/6A4sN1ACTHUCmZ5w_159_full.png" />
<file href="scormcontent/assets/ft2Gqa7bHXJMP8ez_170_full.png" />
<file href="scormcontent/assets/DxtRhBc2DfbRtBK7_184_full.png" />
<file href="scormcontent/assets/XktmkUXwafjRzM5T_049_full.png" />
<file href="scormcontent/assets/ma4r1S_5RJczv6zo_153_full.png" />
<file href="scormcontent/assets/KrkNR2R1eeE5mJvb_068_full.png" />
<file href="scormcontent/assets/QXkV9Fokq-gJ0UvZ_061_full.png" />
<file href="scormcontent/assets/UAmhAHrVty1a5aga_275_full.png" />
<file href="scormcontent/assets/Bgj8rkcJM2X5cozQ_056_full.png" />
<file href="scormcontent/assets/4aqN8qUwsiip_xI2_138_full.png" />
<file href="scormcontent/assets/EwBXuJry3lJf3MlV_167_full.png" />

    </resource>
  </resources>
</manifest>
